{"cameraMode":{"drawMode":0,"name":"Shaded","section":"Shading Mode"},"sceneLighting":true,"audioPlay":false,"sceneViewState":{"m_AlwaysRefresh":false,"showFog":true,"showSkybox":true,"showFlares":true,"showImageEffects":true,"showParticleSystems":true,"showVisualEffectGraphs":true,"m_FxEnabled":true},"in2DMode":false,"pivot":{"x":265.0421447753906,"y":0.8465874195098877,"z":243.4224395751953},"rotation":{"x":-0.21147434413433076,"y":-0.1117807999253273,"z":0.022508302703499795,"w":-0.9711328744888306},"size":3.5965065956115724,"orthographic":false}